ts-security-service;1;08:00:00
ts-order-service;1;08:00:01
ts-preserve-service;2;08:00:02
ts-food-service;2;08:00:03
ts-travel-plan-service;3;08:00:04
ts-travel2-service;3;08:00:05
ts-execute-service;4;08:00:06
ts-order-service;4;08:00:07
ts-user-service;5;08:00:08
ts-auth-service;5;08:00:09
ts-preserve-other-service;6;08:00:10
ts-contacts-service;6;08:00:11
ts-basic-service;7;08:00:12
ts-route-service;7;08:00:13
ts-inside-payment-service;8;08:00:14
ts-payment-service;8;08:00:15
ts-preserve-service;9;08:00:16
ts-travel-service;9;08:00:17
ts-rebook-service;10;08:00:18
ts-seat-service;10;08:00:19
ts-rebook-service;11;08:00:20
ts-inside-payment-service;11;08:00:21
ts-preserve-service;12;08:00:22
ts-seat-service;12;08:00:23
ts-rebook-service;13;08:00:24
ts-travel-service;13;08:00:25
ts-travel-plan-service;14;08:00:26
ts-train-service;14;08:00:27
ts-travel-service;15;08:00:28
ts-seat-service;15;08:00:29
ts-security-service;16;08:00:30
ts-order-other-service;16;08:00:31
ts-preserve-service;17;08:00:32
ts-consign-service;17;08:00:33
ts-seat-service;18;08:00:34
ts-config-service;18;08:00:35
ts-consign-service;19;08:00:36
ts-consign-price-service;19;08:00:37
ts-execute-service;20;08:00:38
ts-order-other-service;20;08:00:39
ts-preserve-service;21;08:00:40
ts-basic-service;21;08:00:41
ts-travel-service;22;08:00:42
ts-basic-service;22;08:00:43
ts-preserve-other-service;23;08:00:44
ts-food-service;23;08:00:45
ts-food-service;24;08:00:46
ts-station-food-service;24;08:00:47
ts-inside-payment-service;25;08:00:48
ts-order-service;25;08:00:49
ts-preserve-other-service;26;08:00:50
ts-seat-service;26;08:00:51
ts-travel2-service;27;08:00:52
ts-route-service;27;08:00:53
ts-cancel-service;28;08:00:54
ts-notification-service;28;08:00:55
ts-order-service;29;08:00:56
ts-station-service;29;08:00:57
ts-preserve-other-service;30;08:00:58
ts-consign-service;30;08:00:59
ts-route-plan-service;31;08:01:00
ts-route-service;31;08:01:01
ts-rebook-service;32;08:01:02
ts-travel2-service;32;08:01:03
ts-preserve-other-service;33;08:01:04
ts-basic-service;33;08:01:05
ts-cancel-service;34;08:01:06
ts-inside-payment-service;34;08:01:07
ts-auth-service;35;08:01:08
ts-verification-code-service;35;08:01:09
ts-inside-payment-service;36;08:01:10
ts-order-other-service;36;08:01:11
ts-order-other-service;37;08:01:12
ts-station-service;37;08:01:13
ts-rebook-service;38;08:01:14
ts-order-service;38;08:01:15
ts-rebook-service;39;08:01:16
ts-train-service;39;08:01:17
ts-preserve-service;40;08:01:18
ts-order-service;40;08:01:19
ts-travel-service;41;08:01:20
ts-train-service;41;08:01:21
ts-voucher-service;42;08:01:22
ts-order-service;42;08:01:23
ts-travel-plan-service;43;08:01:24
ts-route-plan-service;43;08:01:25
ts-seat-service;44;08:01:26
ts-order-service;44;08:01:27
ts-preserve-service;45;08:01:28
ts-user-service;45;08:01:29
ts-preserve-service;46;08:01:30
ts-security-service;46;08:01:31
ts-rebook-service;47;08:01:32
ts-order-other-service;47;08:01:33
ts-voucher-service;48;08:01:34
ts-order-other-service;48;08:01:35
ts-preserve-other-service;49;08:01:36
ts-travel2-service;49;08:01:37
ts-seat-service;50;08:01:38
ts-order-other-service;50;08:01:39
ts-food-service;51;08:01:40
ts-train-food-service;51;08:01:41
ts-basic-service;52;08:01:42
ts-price-service;52;08:01:43
ts-preserve-service;53;08:01:44
ts-station-service;53;08:01:45
ts-route-plan-service;54;08:01:46
ts-travel-service;54;08:01:47
ts-travel2-service;55;08:01:48
ts-seat-service;55;08:01:49
ts-preserve-service;56;08:01:50
ts-assurance-service;56;08:01:51
ts-cancel-service;57;08:01:52
ts-order-service;57;08:01:53
ts-travel-plan-service;58;08:01:54
ts-travel-service;58;08:01:55
ts-preserve-other-service;59;08:01:56
ts-user-service;59;08:01:57
ts-preserve-other-service;60;08:01:58
ts-security-service;60;08:01:59
ts-travel-plan-service;61;08:02:00
ts-seat-service;61;08:02:01
ts-cancel-service;62;08:02:02
ts-user-service;62;08:02:03
ts-basic-service;63;08:02:04
ts-train-service;63;08:02:05
ts-preserve-other-service;64;08:02:06
ts-order-other-service;64;08:02:07
ts-travel-service;65;08:02:08
ts-route-service;65;08:02:09
ts-travel2-service;66;08:02:10
ts-basic-service;66;08:02:11
ts-cancel-service;67;08:02:12
ts-order-other-service;67;08:02:13
ts-rebook-service;68;08:02:14
ts-route-service;68;08:02:15
ts-preserve-other-service;69;08:02:16
ts-station-service;69;08:02:17
ts-preserve-other-service;70;08:02:18
ts-assurance-service;70;08:02:19
ts-preserve-service;71;08:02:20
ts-contacts-service;71;08:02:21
ts-food-service;72;08:02:22
ts-travel-service;72;08:02:23
ts-basic-service;73;08:02:24
ts-station-service;73;08:02:25
ts-route-plan-service;74;08:02:26
ts-travel2-service;74;08:02:27
ts-food-delivery-service;75;08:02:28
ts-station-food-service;75;08:02:29
ts-travel2-service;76;08:02:30
ts-train-service;76;08:02:31